[{"model": "auth.group", "pk": 1, "fields": {"name": "editor", "permissions": []}}, {"model": "auth.group", "pk": 2, "fields": {"name": "admin", "permissions": []}}, {"model": "auth.group", "pk": 3, "fields": {"name": "staff", "permissions": []}}, {"model": "auth.group", "pk": 4, "fields": {"name": "translator", "permissions": []}}, {"model": "interp.contentversion", "pk": 1, "fields": {"content_type": 12, "object_id": 1, "text": "# Implementation Notice\n\n* You have to submit exactly one file (file name given in the problem statement).\n* This file implements the subprograms described in the task statement using provided signatures.\n* These subprograms must behave as described in the task statement.\n* You are free to implement other subprograms for their internal use.\n* Your submissions must not interact in any way with standard input/output, nor with any other file.\n\n# Limits\n\n| Task      | Time Limit | Memory Limit |\n| --------- | ---------- | ------------ |\n| Gondola   | 1 second   | 256 MB       |\n| Friends   | 1 second   | 16 MB        |\n| Holiday   | 5 seconds  | 64 MB        |", "release_note": "", "released": false, "create_time": "2017-05-04T12:51:06.529Z"}}, {"model": "interp.contentversion", "pk": 2, "fields": {"content_type": 12, "object_id": 1, "text": "# Implementation Notice\n\n* You have to submit exactly one file (file name given in the problem statement).\n* This file implements the subprograms described in the task statement using provided signatures.\n* These subprograms must behave as described in the task statement.\n* You are free to implement other subprograms for their internal use.\n* Your submissions must not interact in any way with standard input/output, nor with any other file.\n\n# Limits\n\n| Task      | Time Limit | Memory Limit |\n| --------- | ---------- | ------------ |\n| Gondola   | 1 second   | 256 MB       |\n| Friends   | 1 second   | 16 MB        |\n| Holiday   | 5 seconds  | 64 MB        |", "release_note": "Init", "released": true, "create_time": "2017-05-04T12:51:10.051Z"}}, {"model": "interp.contentversion", "pk": 3, "fields": {"content_type": 12, "object_id": 2, "text": "# Gondola\n\nMao-Kong Gondola is a famous attraction in Taipei.  The gondola system consists of a circular rail, a single station, and \\\\(n\\\\) gondolas numbered consecutively from 1 to \\\\(n\\\\) running around the rail in a fixed direction.  Initially after gondola \\\\(i\\\\) passes the station, the next gondola to pass the station will be gondola \\\\(i+1\\\\) if \\\\(i < n\\\\), or gondola 1 if \\\\(i=n\\\\).\n\nGondolas may break down.  Luckily we have an infinite supply of spare gondolas, which are numbered \\\\(n + 1\\\\), \\\\(n + 2\\\\), and so on.  When a gondola breaks down we replace it (in the same position on the track) with the first available spare gondola, that is, the one with the lowest number.  For example,  if there are five gondolas and gondola 1 breaks down, then we will replace it with gondola 6.\n\nYou like to stand at the station and watch the gondolas as they pass by.  A *gondola sequence* is a series of \\\\(n\\\\) numbers of gondolas that pass the station.  It is possible that one or more gondolas broke down (and were replaced) before you arrived, but none of the gondolas break down while you are watching.\n\nNote that the same configuration of gondolas on the rail can give multiple gondola sequences, depending on which gondola passes first when you arrive at the station.  For example, if none of the gondolas have broken down then both (2, 3, 4, 5, 1) and (4, 5, 1, 2, 3) are possible gondola sequences, but (4, 3, 2, 5, 1) is not (because the gondolas appear in the wrong order).\n\nIf gondola 1 breaks down, then we might now observe the gondola sequence (4, 5, 6, 2, 3).  If gondola 4 breaks down next, we replace it with gondola 7 and we might observe the gondola sequence (6, 2, 3, 7, 5).  If gondola 7 breaks down after this, we replace it with gondola 8 and we may now observe the gondola sequence (3, 8, 5, 6, 2).\n\n| broken gondola | new gondola | possible gondola sequence |\n| ---------------- | ---------------- | ----------------- |\n| 1 | 6 | (4, 5, 6, 2, 3) |\n| 4 | 7 | (6, 2, 3, 7, 5) |\n| 7 | 8 | (3, 8, 5, 6, 2) |\n\nA *replacement sequence* is a sequence consisting of the numbers of the gondolas that have broken down, in the order in which they break down.  In the previous example the replacement sequence is (1, 4, 7).  A replacement sequence \\\\(r\\\\) *produces* a gondola sequence \\\\(g\\\\) if, after gondolas break down according to the replacement sequence \\\\(r\\\\), the gondola sequence \\\\(g\\\\) may be observed.\n\n\n## Gondola Sequence Checking\n\nIn the first three subtasks you must check whether an input sequence is a gondola sequence.  See the table below for examples of sequences that are and are not gondola sequences.  You need to implement a function `valid`.\n<br>\n\n* `valid(n, inputSeq)`\n * `n`: the length of the input sequence.\n * `inputSeq`: array of length \\\\(n\\\\); `inputSeq[i]` is element \\\\(i\\\\) of the input sequence, for \\\\(0 \\leq i \\leq n - 1\\\\).\n * The function should return 1 if the input sequence is a gondola sequence, or 0 otherwise.\n\n### Subtasks 1, 2, 3\n\n| subtask | points | \\\\(n\\\\) | `inputSeq` |\n| ------- | ------ | ------- | ----- |\n| 1 | 5 | \\\\(n \\leq 100\\\\) | has each number from 1 to \\\\(n\\\\) exactly once |\n| 2 | 5 | \\\\(n \\leq 100,000\\\\) | \\\\(1 \\leq\\\\) `inputSeq[i]` \\\\(\\leq n\\\\) |\n| 3 | 10 | \\\\(n \\leq 100,000\\\\) | \\\\(1 \\leq\\\\) `inputSeq[i]` \\\\(\\leq 250,000\\\\) |\n\n<br><br>\n### Examples\n\n| subtask | `inputSeq` | return value | note |\n| ----- | ----- | ----- | ----- |\n| 1 | (1, 2, 3, 4, 5, 6, 7) | 1 | |\n| 1 | (3, 4, 5, 6, 1, 2) | 1 | |\n| 1 | (1, 5, 3, 4, 2, 7, 6) | 0 | 1 cannot appear just before 5 |\n| 1 | (4, 3, 2, 1) | 0 | 4 cannot appear just before 3 |\n| 2 | (1, 2, 3, 4, 5, 6, 5)  | 0 | two gondolas numbered 5 |\n| 3 | (2, 3, 4, 9, 6, 7, 1) | 1 | replacement sequence (5, 8) |\n| 3 | (10, 4, 3, 11, 12) | 0 |  4 cannot appear just before  3 |\n\n## Replacement Sequence\n\nIn the next three subtasks you must construct a possible replacement sequence that produces a given gondola sequence.  Any such replacement sequence will be accepted.  You need to implement a function `replacement`.\n\n* `replacement(n, gondolaSeq, replacementSeq)` \n * `n` is the length of the gondola sequence.\n * `gondolaSeq`: array of length \\\\(n\\\\); `gondolaSeq` is guaranteed to be a gondola sequence, and `gondolaSeq[i]` is element \\\\(i\\\\) of the sequence, for \\\\(0 \\leq i \\leq n - 1\\\\).\n * The function should return \\\\(l\\\\), the length of the replacement sequence.\n * `replacementSeq`: array that is sufficiently large to store the replacement sequence; you should return your sequence by placing element \\\\(i\\\\) of your replacement sequence into `replacementSeq[i]`, for \\\\(0 \\leq i \\leq l - 1\\\\).\n\n### Subtasks 4, 5, 6\n\n| subtask | points | \\\\(n\\\\) | `gondolaSeq` |\n| ------- | ------ | ------- | ----- |\n| 4 | 5 | \\\\(n \\leq 100\\\\) | \\\\(1 \\leq\\\\) `gondolaSeq[i]` \\\\(\\leq  n + 1\\\\)  |\n| 5 | 10 | \\\\(n \\leq 1,000\\\\) | \\\\(1 \\leq\\\\) `gondolaSeq[i]` \\\\(\\leq 5,000\\\\) |\n| 6 | 20 | \\\\(n \\leq 100,000\\\\) | \\\\(1 \\leq\\\\)  `gondolaSeq[i]` \\\\(\\leq 250,000\\\\) |\n\n### Examples\n\n| subtask | `gondolaSeq` | return value | `replacementSeq` |\n| ----- | ----- | ----- | ----- |\n| 4 | (3, 1, 4) | 1 | (2) | \n| 4 | (5, 1, 2, 3, 4) | 0 | ( ) |\n| 5 | (2, 3, 4, 9, 6, 7, 1) | 2 | (5, 8) | \n\n## Count Replacement Sequences\n\nIn the next four subtasks you must count the number of possible replacement sequences that produce a given sequence (which may or may not be a gondola sequence), modulo <strong>1,000,000,009</strong>. You need to implement a function `countReplacement`.\n\n* `countReplacement(n, inputSeq)`\n * `n`: the length of the input sequence.\n * `inputSeq`: array of length \\\\(n\\\\); `inputSeq[i]` is element \\\\(i\\\\) of the input sequence, for \\\\(0 \\leq i \\leq n - 1\\\\).\n * If the input sequence is a gondola sequence, then count the number of replacement sequences that produce this gondola sequence (which could be extremely large), *and return this number modulo <strong>1,000,000,009</strong>*. If the input sequence is not a gondola sequence, the function should return 0.  If the input sequence is a gondola sequence but no gondolas broke down, the function should return 1.\n\n### Subtasks 7, 8, 9, 10\n\n| subtask | points | \\\\(n\\\\) | `inputSeq` |\n| ------- | ------ | ------- | ----- |\n| 7 | 5 | \\\\(4 \\leq n \\leq 50\\\\) | \\\\(1 \\leq\\\\) `inputSeq[i]` \\\\(\\leq n + 3\\\\) \n| 8 | 15 | \\\\(4 \\leq n \\leq 50\\\\) | \\\\(1 \\leq\\\\) `inputSeq[i]` \\\\(\\leq 100\\\\), and at least \\\\(n - 3\\\\) of the initial gondolas \\\\(1,\\ldots,n\\\\) did not break down. |\n| 9 | 15 | \\\\(n \\leq 100,000\\\\) | \\\\(1 \\leq\\\\) `inputSeq[i]` \\\\(\\leq 250,000\\\\) |\n| 10 | 10 | \\\\(n \\leq 100,000\\\\) | \\\\(1 \\leq\\\\) `inputSeq[i]` \\\\(\\leq 1,000,000,000\\\\) |\n\n### Examples\n\n| subtask | `inputSeq` | return value | replacement sequence |\n| ----- | ----- | ----- | ----- |\n| 7 | (1, 2, 7, 6) | 2 | (3, 4, 5) or (4, 5, 3) |\n| 8 | (2, 3, 4, 12, 6, 7, 1) | 1 | (5, 8, 9, 10, 11) |\n| 9 | (4, 7, 4, 7) | 0 | `inputSeq` is not a gondola sequence |\n| 10 | (3, 4) | 2 | (1, 2) or (2, 1) |\n\n## Implementation details\n\nYou have to submit exactly one file, called `gondola.c`, `gondola.cpp` or `gondola.pas`.  This file should implement the subprograms described above, using the following signatures.  You also need to include a header file `gondola.h` for C/C++ implementation.  \n\n### C/C++ programs\n\n```\nint valid(int n, int inputSeq[]);\nint replacement(int n, int gondolaSeq[], int replacementSeq[]);\nint countReplacement(int n, int inputSeq[]);\n```\n\n### Pascal programs\n\n```\nfunction valid(n: longint; inputSeq: array of longint): integer;\nfunction replacement(n: longint; gondolaSeq: array of longint;\nvar replacementSeq: array of longint): longint;\nfunction countReplacement(n: longint; inputSeq: array of longint):\nlongint;\n```\n\n### Sample grader\n\nThe sample grader reads the input in the following format:\n\n* line 1: `T`, the subtask number your program intends to solve (\\\\(1 \\leq T \\leq 10\\\\)).\n* line 2: `n`, the length of the input sequence.\n* line 3: If `T` is 4, 5, or 6, this line contains `inputSeq[0]`, ..., `inputSeq[n-1]`.  Otherwise this line contains `gondolaSeq[0]`, ..., `gondolaSeq[n-1]`. \n", "release_note": "Init", "released": true, "create_time": "2017-05-04T12:51:51.401Z"}}, {"model": "interp.contentversion", "pk": 4, "fields": {"content_type": 15, "object_id": 1, "text": "# Implementation Notice\n\n* You have to submit exactly one file (file name given in the problem statement).\n* This file implements the subprograms described in the task statement using provided signatures.\n* These subprograms must behave as described in the task statement.\n* You are free to implement other subprograms for their internal use.\n* Your submissions must not interact in any way with standard input/output, nor with any other file.\n\n# Limits\n\n| Task      | Time Limit | Memory Limit |\n| --------- | ---------- | ------------ |\n| Gondola   | 1 second   | 256 MB       |\n| Friends   | 1 second   | 16 MB        |\n| Holiday   | 5 seconds  | 64 MB        |", "release_note": "", "released": false, "create_time": "2017-05-04T12:55:51.275Z"}}, {"model": "interp.contentversion", "pk": 5, "fields": {"content_type": 15, "object_id": 1, "text": "# \u0627\u0637\u0644\u0627\u0639\u200c\u0631\u0633\u0627\u0646\u06cc \u062a\u0633\u062a\u06cc\n\n* You have to submit exactly one file (file name given in the problem statement).\n* This file implements the subprograms described in the task statement using provided signatures.\n* These subprograms must behave as described in the task statement.\n* You are free to implement other subprograms for their internal use.\n* Your submissions must not interact in any way with standard input/output, nor with any other file.\n\n# Limits\n\n| Task      | Time Limit | Memory Limit |\n| --------- | ---------- | ------------ |\n| Gondola   | 1 second   | 256 MB       |\n| Friends   | 1 second   | 16 MB        |\n| Holiday   | 5 seconds  | 64 MB        |\n", "release_note": "", "released": false, "create_time": "2017-05-04T12:56:05.230Z"}}, {"model": "interp.contentversion", "pk": 6, "fields": {"content_type": 15, "object_id": 2, "text": "# Implementation Notice\n\n* You have to submit exactly one file (file name given in the problem statement).\n* This file implements the subprograms described in the task statement using provided signatures.\n* These subprograms must behave as described in the task statement.\n* You are free to implement other subprograms for their internal use.\n* Your submissions must not interact in any way with standard input/output, nor with any other file.\n\n# Limits\n\n| Task      | Time Limit | Memory Limit |\n| --------- | ---------- | ------------ |\n| Gondola   | 1 second   | 256 MB       |\n| Friends   | 1 second   | 16 MB        |\n| Holiday   | 5 seconds  | 64 MB        |", "release_note": "", "released": false, "create_time": "2017-05-04T12:56:58.656Z"}}, {"model": "interp.contentversion", "pk": 7, "fields": {"content_type": 15, "object_id": 2, "text": "# Implementation Notice\n\n* You have to submit exactly one file (file name given in the problem statement).\n* This file implements the subprograms described in the task statement using provided signatures.\n* These subprograms must behave as described in the task statement.\n* You are free to implement other subprograms for their internal use.\n* Your submissions must not interact in any way with standard input/output, nor with any other file.\n\n# Limits\n\n| Task      | Time Limit | Memory Limit |\n| --------- | ---------- | ------------ |\n| Gondola   | 1 second   | 256 MB       |\n| Friends   | 1 second   | 16 MB        |\n| Holiday   | 5 seconds  | 64 MB        |", "release_note": "", "released": false, "create_time": "2017-05-04T12:57:00.278Z"}}, {"model": "interp.contest", "pk": 1, "fields": {"title": "Practice", "order": 3, "slug": "practice"}}, {"model": "interp.contest", "pk": 2, "fields": {"title": "Day 1", "order": 2, "slug": "day1"}}, {"model": "interp.contest", "pk": 3, "fields": {"title": "Day 2", "order": 1, "slug": "day2"}}, {"model": "interp.task", "pk": 1, "fields": {"title": "notice", "enabled": true, "contest": 1, "uploaded_file": ""}}, {"model": "interp.task", "pk": 2, "fields": {"title": "gandola", "enabled": false, "contest": 2, "uploaded_file": ""}}, {"model": "interp.language", "pk": "ar", "fields": {"code": "ar", "rtl": true}}, {"model": "interp.language", "pk": "az", "fields": {"code": "az", "rtl": false}}, {"model": "interp.language", "pk": "be", "fields": {"code": "be", "rtl": false}}, {"model": "interp.language", "pk": "bs", "fields": {"code": "bs", "rtl": false}}, {"model": "interp.language", "pk": "cs", "fields": {"code": "cs", "rtl": false}}, {"model": "interp.language", "pk": "de", "fields": {"code": "de", "rtl": false}}, {"model": "interp.language", "pk": "el", "fields": {"code": "el", "rtl": false}}, {"model": "interp.language", "pk": "en", "fields": {"code": "en", "rtl": false}}, {"model": "interp.language", "pk": "es", "fields": {"code": "es", "rtl": false}}, {"model": "interp.language", "pk": "et", "fields": {"code": "et", "rtl": false}}, {"model": "interp.language", "pk": "fa", "fields": {"code": "fa", "rtl": true}}, {"model": "interp.language", "pk": "fi", "fields": {"code": "fi", "rtl": false}}, {"model": "interp.language", "pk": "fr", "fields": {"code": "fr", "rtl": false}}, {"model": "interp.language", "pk": "he", "fields": {"code": "he", "rtl": true}}, {"model": "interp.language", "pk": "hu", "fields": {"code": "hu", "rtl": false}}, {"model": "interp.language", "pk": "hy", "fields": {"code": "hy", "rtl": false}}, {"model": "interp.language", "pk": "it", "fields": {"code": "it", "rtl": false}}, {"model": "interp.language", "pk": "ja", "fields": {"code": "ja", "rtl": false}}, {"model": "interp.language", "pk": "ka", "fields": {"code": "ka", "rtl": false}}, {"model": "interp.language", "pk": "kk", "fields": {"code": "kk", "rtl": false}}, {"model": "interp.language", "pk": "ky", "fields": {"code": "ky", "rtl": false}}, {"model": "interp.language", "pk": "lt", "fields": {"code": "lt", "rtl": false}}, {"model": "interp.language", "pk": "nb", "fields": {"code": "nb", "rtl": false}}, {"model": "interp.language", "pk": "nl", "fields": {"code": "nl", "rtl": false}}, {"model": "interp.language", "pk": "pl", "fields": {"code": "pl", "rtl": false}}, {"model": "interp.language", "pk": "pt", "fields": {"code": "pt", "rtl": false}}, {"model": "interp.language", "pk": "ro", "fields": {"code": "ro", "rtl": false}}, {"model": "interp.language", "pk": "ru", "fields": {"code": "ru", "rtl": false}}, {"model": "interp.language", "pk": "sk", "fields": {"code": "sk", "rtl": false}}, {"model": "interp.language", "pk": "sl", "fields": {"code": "sl", "rtl": false}}, {"model": "interp.language", "pk": "sq", "fields": {"code": "sq", "rtl": false}}, {"model": "interp.language", "pk": "sr", "fields": {"code": "sr", "rtl": false}}, {"model": "interp.language", "pk": "sv", "fields": {"code": "sv", "rtl": false}}, {"model": "interp.language", "pk": "tg", "fields": {"code": "tg", "rtl": false}}, {"model": "interp.language", "pk": "th", "fields": {"code": "th", "rtl": false}}, {"model": "interp.language", "pk": "tk", "fields": {"code": "tk", "rtl": false}}, {"model": "interp.language", "pk": "tr", "fields": {"code": "tr", "rtl": false}}, {"model": "interp.language", "pk": "uk", "fields": {"code": "uk", "rtl": false}}, {"model": "interp.language", "pk": "xx", "fields": {"code": "xx", "rtl": false}}, {"model": "interp.language", "pk": "zh", "fields": {"code": "zh", "rtl": false}}, {"model": "interp.country", "pk": "ALB", "fields": {"code": "ALB"}}, {"model": "interp.country", "pk": "ARG", "fields": {"code": "ARG"}}, {"model": "interp.country", "pk": "ARM", "fields": {"code": "ARM"}}, {"model": "interp.country", "pk": "AUS", "fields": {"code": "AUS"}}, {"model": "interp.country", "pk": "AUT", "fields": {"code": "AUT"}}, {"model": "interp.country", "pk": "AZE", "fields": {"code": "AZE"}}, {"model": "interp.country", "pk": "BEL", "fields": {"code": "BEL"}}, {"model": "interp.country", "pk": "BGD", "fields": {"code": "BGD"}}, {"model": "interp.country", "pk": "BGR", "fields": {"code": "BGR"}}, {"model": "interp.country", "pk": "BIH", "fields": {"code": "BIH"}}, {"model": "interp.country", "pk": "BLR", "fields": {"code": "BLR"}}, {"model": "interp.country", "pk": "BOL", "fields": {"code": "BOL"}}, {"model": "interp.country", "pk": "BRA", "fields": {"code": "BRA"}}, {"model": "interp.country", "pk": "CAN", "fields": {"code": "CAN"}}, {"model": "interp.country", "pk": "CHE", "fields": {"code": "CHE"}}, {"model": "interp.country", "pk": "CHL", "fields": {"code": "CHL"}}, {"model": "interp.country", "pk": "CHN", "fields": {"code": "CHN"}}, {"model": "interp.country", "pk": "COL", "fields": {"code": "COL"}}, {"model": "interp.country", "pk": "CUB", "fields": {"code": "CUB"}}, {"model": "interp.country", "pk": "CYP", "fields": {"code": "CYP"}}, {"model": "interp.country", "pk": "CZE", "fields": {"code": "CZE"}}, {"model": "interp.country", "pk": "DEU", "fields": {"code": "DEU"}}, {"model": "interp.country", "pk": "DNK", "fields": {"code": "DNK"}}, {"model": "interp.country", "pk": "EGY", "fields": {"code": "EGY"}}, {"model": "interp.country", "pk": "ESP", "fields": {"code": "ESP"}}, {"model": "interp.country", "pk": "EST", "fields": {"code": "EST"}}, {"model": "interp.country", "pk": "FIN", "fields": {"code": "FIN"}}, {"model": "interp.country", "pk": "FRA", "fields": {"code": "FRA"}}, {"model": "interp.country", "pk": "GBR", "fields": {"code": "GBR"}}, {"model": "interp.country", "pk": "GEO", "fields": {"code": "GEO"}}, {"model": "interp.country", "pk": "GRC", "fields": {"code": "GRC"}}, {"model": "interp.country", "pk": "HKG", "fields": {"code": "HKG"}}, {"model": "interp.country", "pk": "HRV", "fields": {"code": "HRV"}}, {"model": "interp.country", "pk": "HUN", "fields": {"code": "HUN"}}, {"model": "interp.country", "pk": "IDN", "fields": {"code": "IDN"}}, {"model": "interp.country", "pk": "IND", "fields": {"code": "IND"}}, {"model": "interp.country", "pk": "IRL", "fields": {"code": "IRL"}}, {"model": "interp.country", "pk": "IRN", "fields": {"code": "IRN"}}, {"model": "interp.country", "pk": "ISR", "fields": {"code": "ISR"}}, {"model": "interp.country", "pk": "ITA", "fields": {"code": "ITA"}}, {"model": "interp.country", "pk": "JOR", "fields": {"code": "JOR"}}, {"model": "interp.country", "pk": "JPN", "fields": {"code": "JPN"}}, {"model": "interp.country", "pk": "KAZ", "fields": {"code": "KAZ"}}, {"model": "interp.country", "pk": "KGZ", "fields": {"code": "KGZ"}}, {"model": "interp.country", "pk": "KOR", "fields": {"code": "KOR"}}, {"model": "interp.country", "pk": "LBY", "fields": {"code": "LBY"}}, {"model": "interp.country", "pk": "LKA", "fields": {"code": "LKA"}}, {"model": "interp.country", "pk": "LTU", "fields": {"code": "LTU"}}, {"model": "interp.country", "pk": "LUX", "fields": {"code": "LUX"}}, {"model": "interp.country", "pk": "LVA", "fields": {"code": "LVA"}}, {"model": "interp.country", "pk": "MAC", "fields": {"code": "MAC"}}, {"model": "interp.country", "pk": "MDA", "fields": {"code": "MDA"}}, {"model": "interp.country", "pk": "MEX", "fields": {"code": "MEX"}}, {"model": "interp.country", "pk": "MKD", "fields": {"code": "MKD"}}, {"model": "interp.country", "pk": "MNE", "fields": {"code": "MNE"}}, {"model": "interp.country", "pk": "MNG", "fields": {"code": "MNG"}}, {"model": "interp.country", "pk": "MYS", "fields": {"code": "MYS"}}, {"model": "interp.country", "pk": "NGA", "fields": {"code": "NGA"}}, {"model": "interp.country", "pk": "NLD", "fields": {"code": "NLD"}}, {"model": "interp.country", "pk": "NOR", "fields": {"code": "NOR"}}, {"model": "interp.country", "pk": "NZL", "fields": {"code": "NZL"}}, {"model": "interp.country", "pk": "POL", "fields": {"code": "POL"}}, {"model": "interp.country", "pk": "PRT", "fields": {"code": "PRT"}}, {"model": "interp.country", "pk": "ROU", "fields": {"code": "ROU"}}, {"model": "interp.country", "pk": "RUS", "fields": {"code": "RUS"}}, {"model": "interp.country", "pk": "SGP", "fields": {"code": "SGP"}}, {"model": "interp.country", "pk": "SRB", "fields": {"code": "SRB"}}, {"model": "interp.country", "pk": "SVK", "fields": {"code": "SVK"}}, {"model": "interp.country", "pk": "SVN", "fields": {"code": "SVN"}}, {"model": "interp.country", "pk": "SWE", "fields": {"code": "SWE"}}, {"model": "interp.country", "pk": "SYR", "fields": {"code": "SYR"}}, {"model": "interp.country", "pk": "THA", "fields": {"code": "THA"}}, {"model": "interp.country", "pk": "TJK", "fields": {"code": "TJK"}}, {"model": "interp.country", "pk": "TKM", "fields": {"code": "TKM"}}, {"model": "interp.country", "pk": "TUN", "fields": {"code": "TUN"}}, {"model": "interp.country", "pk": "TUR", "fields": {"code": "TUR"}}, {"model": "interp.country", "pk": "TWN", "fields": {"code": "TWN"}}, {"model": "interp.country", "pk": "UKR", "fields": {"code": "UKR"}}, {"model": "interp.country", "pk": "USA", "fields": {"code": "USA"}}, {"model": "interp.country", "pk": "VEN", "fields": {"code": "VEN"}}, {"model": "interp.country", "pk": "VNM", "fields": {"code": "VNM"}}, {"model": "interp.country", "pk": "ZAF", "fields": {"code": "ZAF"}}, {"model": "interp.notification", "pk": 1, "fields": {"title": "Notif 1", "description": "Notif Description", "create_time": "2017-05-04T12:56:46Z"}}, {"model": "interp.flatpage", "pk": "home", "fields": {"content": "<div>\r\n</div>"}}, {"model": "auth.user", "pk": 1, "fields": {"password": "pbkdf2_sha256$30000$xLPXanPvitzC$A91AxD0nLZ7CuiOvKwstvNRZSNewdkMziJQhadp7fNM=", "last_login": "2017-05-04T12:59:16.161Z", "is_superuser": true, "username": "admin", "first_name": "", "last_name": "", "email": "", "is_staff": true, "is_active": true, "date_joined": "2017-05-04T12:35:29.108Z", "groups": [], "user_permissions": []}}, {"model": "auth.user", "pk": 2, "fields": {"password": "pbkdf2_sha256$30000$q0Aq8wPJHK1h$f2So6Zp1n99gqVZXi09+t/T2Uw4YGbxwRlbCKvfgHL0=", "last_login": "2017-05-04T12:45:31Z", "is_superuser": true, "username": "admin_1", "first_name": "", "last_name": "", "email": "", "is_staff": true, "is_active": true, "date_joined": "2017-05-04T12:45:24Z", "groups": [2], "user_permissions": []}}, {"model": "auth.user", "pk": 3, "fields": {"password": "pbkdf2_sha256$30000$qLgFyHHIlN1S$zfnMzypyWojyvpc/O/7stHOwgCj3KQOVzgDAI68C874=", "last_login": null, "is_superuser": false, "username": "staff_1", "first_name": "", "last_name": "", "email": "", "is_staff": true, "is_active": true, "date_joined": "2017-05-04T12:46:10Z", "groups": [3], "user_permissions": []}}, {"model": "auth.user", "pk": 4, "fields": {"password": "pbkdf2_sha256$30000$nEXz1GeD5iEw$m+q/JHRAy0/NbN1mlQ3UmEB8r64s43d5+atiXZusU0M=", "last_login": "2017-05-04T12:49:05Z", "is_superuser": false, "username": "editor_1", "first_name": "", "last_name": "", "email": "", "is_staff": true, "is_active": true, "date_joined": "2017-05-04T12:46:26Z", "groups": [1], "user_permissions": []}}, {"model": "auth.user", "pk": 5, "fields": {"password": "pbkdf2_sha256$30000$wCdDmArHGZAo$2Ss41frZOVtK9EJfEqCgNf7ujgePd71zyBPeeqksOlM=", "last_login": "2017-05-04T12:53:38.244Z", "is_superuser": false, "username": "IRN", "first_name": "", "last_name": "", "email": "", "is_staff": false, "is_active": true, "date_joined": "2017-05-04T12:47:18Z", "groups": [4], "user_permissions": []}}, {"model": "auth.user", "pk": 6, "fields": {"password": "pbkdf2_sha256$30000$fiR7xDVr6HMY$ge21UFo4l09EAQzvOhKzs55spc9mNlfWwHEjX/dtTrM=", "last_login": "2017-05-04T12:56:57.258Z", "is_superuser": false, "username": "USA", "first_name": "", "last_name": "", "email": "", "is_staff": false, "is_active": true, "date_joined": "2017-05-04T12:47:31Z", "groups": [4], "user_permissions": []}}, {"model": "interp.user", "pk": 2, "fields": {"language": "en", "country": "USA", "text_font_base64": "", "digit_font_base64": "", "raw_password": "", "groups": [2], "user_permissions": []}}, {"model": "interp.user", "pk": 3, "fields": {"language": "en", "country": "USA", "text_font_base64": "", "digit_font_base64": "", "raw_password": "", "groups": [3], "user_permissions": []}}, {"model": "interp.user", "pk": 4, "fields": {"language": "en", "country": "USA", "text_font_base64": "", "digit_font_base64": "", "raw_password": "", "groups": [1], "user_permissions": []}}, {"model": "interp.user", "pk": 5, "fields": {"language": "fa", "country": "IRN", "text_font_base64": "", "digit_font_base64": "", "raw_password": "", "groups": [4], "user_permissions": []}}, {"model": "interp.user", "pk": 6, "fields": {"language": "en", "country": "USA", "text_font_base64": "", "digit_font_base64": "", "raw_password": "", "groups": [4], "user_permissions": []}}, {"model": "interp.translation", "pk": 1, "fields": {"user": 5, "task": 1, "freezed": false}}, {"model": "interp.translation", "pk": 2, "fields": {"user": 6, "task": 1, "freezed": false}}]